id,brand,category,price,title,review,rating,image_link,product_link,from_page_link
463059,Tide,Bách Hóa Online/Chăm sóc nhà cửa/Giặt giũ & Chăm sóc quần áo/Bột giặt,209000,Bột Giặt Tide Hương Downy (5kg),(20 nhận xét),width:93%,https://salt.tikicdn.com/cache/200x200/ts/product/80/1b/db/d496a624798fcbca359c62cbbaaca772.jpg,https://tiki.vn/bot-giat-tide-huong-downy-5kg-p463059.html?src=category-page-2549&2hi=1,https://tiki.vn/me-va-be/c2549?src=c.2549.hamburger_menu_fly_out_banner1
10398524,Enfa,Đồ Chơi - Mẹ & Bé/Dinh dưỡng cho bé/Sữa bột cho bé/Sữa cho bé trên 24 tháng,831000,Sữa Bột Enfagrow A+ 4 (2.2kg),(32 nhận xét),width:86%,https://salt.tikicdn.com/cache/200x200/ts/product/04/63/fa/5c7f6cafa47df8e74ec1d5e10f5d6d26.jpg,https://tiki.vn/sua-bot-enfagrow-a-4-2-2kg-p10398524.html?src=category-page-2549&2hi=1,https://tiki.vn/me-va-be/c2549?src=c.2549.hamburger_menu_fly_out_banner1
849024,Huggies,"Đồ Chơi - Mẹ & Bé/Tã, Bỉm",296000,Tã Quần Huggies Dry Gói Cực Đại XL62 (62 Miếng) - Bao Bì Mới,(97 nhận xét),width:88%,https://salt.tikicdn.com/cache/200x200/ts/product/6e/30/02/a5df3c7b4285f3c4210e63ea93a9f51a.jpg,https://tiki.vn/ta-quan-huggies-dry-goi-cuc-dai-xl62-62-mieng-bao-bi-moi-p849024.html?src=category-page-2549&2hi=0,https://tiki.vn/me-va-be/c2549?src=c.2549.hamburger_menu_fly_out_banner1
849020,Huggies,"Đồ Chơi - Mẹ & Bé/Tã, Bỉm",288000,Tã Quần Huggies Dry Gói Cực Đại M74 (74 MIếng) - Bao Bì Mới,(90 nhận xét),width:82%,https://salt.tikicdn.com/cache/200x200/ts/product/97/80/a1/c9a3383e3389be0d5242e0da22ac4408.jpg,https://tiki.vn/ta-quan-huggies-dry-goi-cuc-dai-m74-74-mieng-bao-bi-moi-p849020.html?src=category-page-2549&2hi=1,https://tiki.vn/me-va-be/c2549?src=c.2549.hamburger_menu_fly_out_banner1
849022,Huggies,"Đồ Chơi - Mẹ & Bé/Tã, Bỉm",296000,Tã Quần Huggies Dry Gói Cực Đại L68 (68 Miếng) - Bao Bì Mới,(130 nhận xét),width:87%,https://salt.tikicdn.com/cache/200x200/ts/product/b6/da/4d/9d4593e9578544a1102f8223e0ede1e9.jpg,https://tiki.vn/ta-quan-huggies-dry-goi-cuc-dai-l68-68-mieng-bao-bi-moi-p849022.html?src=category-page-2549&2hi=0,https://tiki.vn/me-va-be/c2549?src=c.2549.hamburger_menu_fly_out_banner1
849026,Huggies,"Đồ Chơi - Mẹ & Bé/Tã, Bỉm",296000,Tã Quần Huggies Dry Gói Cực Đại XXL56 (56 Miếng) - Bao Bì Mới,(53 nhận xét),width:90%,https://salt.tikicdn.com/cache/200x200/ts/product/66/98/57/70148404d6ab4ccea8f9ff39c3d689f5.jpg,https://tiki.vn/ta-quan-huggies-dry-goi-cuc-dai-xxl56-56-mieng-bao-bi-moi-p849026.html?src=category-page-2549&2hi=0,https://tiki.vn/me-va-be/c2549?src=c.2549.hamburger_menu_fly_out_banner1
848992,Huggies,"Đồ Chơi - Mẹ & Bé/Tã, Bỉm/Tã dán",237000,Tã Dán Huggies Dry Gói Cực Đại L68 (68 Miếng) - Bao Bì Mới,(99 nhận xét),width:85%,https://salt.tikicdn.com/cache/200x200/ts/product/f5/32/3f/70fe686b158b83af76bc466e44815064.jpg,https://tiki.vn/ta-dan-huggies-dry-goi-cuc-dai-l68-68-mieng-bao-bi-moi-p848992.html?src=category-page-2549&2hi=0,https://tiki.vn/me-va-be/c2549?src=c.2549.hamburger_menu_fly_out_banner1
916267,Huggies,"Đồ Chơi - Mẹ & Bé/Tã, Bỉm/Tã dán",246000,Tã Dán Huggies Dry Gói Cực Đại M76 (76 Miếng) - Bao Bì Mới ,(182 nhận xét),width:78%,https://salt.tikicdn.com/cache/200x200/ts/product/9a/19/c6/ec552c35c6670014351edd84c7c96ffd.jpg,https://tiki.vn/ta-dan-huggies-dry-goi-cuc-dai-m76-76-mieng-bao-bi-moi-p916267.html?src=category-page-2549&2hi=1,https://tiki.vn/me-va-be/c2549?src=c.2549.hamburger_menu_fly_out_banner1
22701475,OEM,Đồ Chơi - Mẹ & Bé/Đồ dùng cho bé/Dụng cụ chăm sóc sức khỏe/Nhiệt kế cho bé,159000,Nhiệt Kế Hồng Ngoại Đo Nhiệt Độ Cho Bé,(62 nhận xét),width:80%,https://salt.tikicdn.com/cache/200x200/ts/product/3d/b2/29/c0dd55f412ad8d0d4adbcd77ef144626.jpg,https://tiki.vn/nhiet-ke-hong-ngoai-do-nhiet-do-cho-be-p22701475.html?src=category-page-2549&2hi=1,https://tiki.vn/me-va-be/c2549?src=c.2549.hamburger_menu_fly_out_banner1
849048,Huggies,"Đồ Chơi - Mẹ & Bé/Tã, Bỉm",865000,Combo 3 Gói Tã Quần Huggies Dry Gói Cực Đại XL62 (62 Miếng) - Bao Bì Mới,(148 nhận xét),width:91%,https://salt.tikicdn.com/cache/200x200/ts/product/c5/cb/00/a9668b83a2496a09edae212c0eaa875b.jpg,https://tiki.vn/combo-3-goi-ta-quan-huggies-dry-goi-cuc-dai-xl62-62-mieng-bao-bi-moi-p849048.html?src=category-page-2549&2hi=0,https://tiki.vn/me-va-be/c2549?src=c.2549.hamburger_menu_fly_out_banner1
13120292,OEM,"Đồ Chơi - Mẹ & Bé/Đồ dùng cho bé/Đồ dùng phòng ngủ cho bé/Chăn ga gối nệm, Mùng/Gối",199000,"Gối cao su non đa năng ngăn ngừa bẹp đầu, méo đầu, nghẹo cổ, còm lưng cho trẻ sơ sinh và em bé - BABYUPP",(38 nhận xét),width:82%,https://salt.tikicdn.com/cache/200x200/ts/product/ed/c0/48/241b35ad914170a72554def990414160.png,https://tiki.vn/goi-cao-su-non-da-nang-ngan-ngua-meo-dau-bep-dau-ngheo-co-com-lung-cho-tre-so-sinh-va-em-be-babyupp-p13120292.html?src=category-page-2549&2hi=1,https://tiki.vn/me-va-be/c2549?src=c.2549.hamburger_menu_fly_out_banner1
28285934,Pampers,"Đồ Chơi - Mẹ & Bé/Tã, Bỉm/Tã quần",739000,Combo 3 Tã Quần Pampers Giữ Dáng Mới Gói Đại XL48 (48 Miếng),(22 nhận xét),width:89%,https://salt.tikicdn.com/cache/200x200/ts/product/f1/8c/2a/8962ef384155d883b4b65c9c6aea7041.jpg,https://tiki.vn/combo-3-ta-quan-pampers-giu-dang-moi-goi-dai-xl48-48-mieng-p28285934.html?src=category-page-2549&2hi=1,https://tiki.vn/me-va-be/c2549?src=c.2549.hamburger_menu_fly_out_banner1
849006,Huggies,"Đồ Chơi - Mẹ & Bé/Tã, Bỉm",164000,Tã Quần Huggies Dry L36 (36 Miếng) - Bao Bì Mới,(23 nhận xét),width:94%,https://salt.tikicdn.com/cache/200x200/ts/product/b9/ce/3c/e4f083aa318af9e3c82529c28ea59466.jpg,https://tiki.vn/ta-quan-huggies-dry-l36-36-mieng-bao-bi-moi-p849006.html?src=category-page-2549&2hi=0,https://tiki.vn/me-va-be/c2549?src=c.2549.hamburger_menu_fly_out_banner1
849008,Huggies,"Đồ Chơi - Mẹ & Bé/Tã, Bỉm",164000,Tã Quần Huggies Dry XL32 (32 Miếng) - Bao Bì Mới,(28 nhận xét),width:95%,https://salt.tikicdn.com/cache/200x200/ts/product/49/e1/06/c1373ba6f060c7aa4d825edf2c529202.jpg,https://tiki.vn/ta-quan-huggies-dry-xl32-32-mieng-bao-bi-moi-p849008.html?src=category-page-2549&2hi=1,https://tiki.vn/me-va-be/c2549?src=c.2549.hamburger_menu_fly_out_banner1
1464543,Huggies,"Đồ Chơi - Mẹ & Bé/Tã, Bỉm/Miếng lót sơ sinh",107000,Miếng Lót Sơ Sinh Huggies Dry Newborn 1-100 (100 Miếng) ,(124 nhận xét),width:87%,https://salt.tikicdn.com/cache/200x200/ts/product/3c/a5/e9/4c9d0e29a28042b34994e196aebf0ca6.jpg,https://tiki.vn/mieng-lot-so-sinh-huggies-dry-newborn-1-100-100-mieng-p1464543.html?src=category-page-2549&2hi=0,https://tiki.vn/me-va-be/c2549?src=c.2549.hamburger_menu_fly_out_banner1
849038,Huggies,"Đồ Chơi - Mẹ & Bé/Tã, Bỉm",862000,Combo 3 Gói Tã Quần Huggies Dry Gói Cực Đại L68 (68 Miếng) - Bao Bì Mới,(152 nhận xét),width:86%,https://salt.tikicdn.com/cache/200x200/ts/product/cf/5b/61/7e38d7cf5e26112db6b66451b46a5bdf.jpg,https://tiki.vn/combo-3-goi-ta-quan-huggies-dry-goi-cuc-dai-l68-68-mieng-bao-bi-moi-p849038.html?src=category-page-2549&2hi=1,https://tiki.vn/me-va-be/c2549?src=c.2549.hamburger_menu_fly_out_banner1
545035,NAN,Đồ Chơi - Mẹ & Bé/Dinh dưỡng cho bé/Sữa công thức pha sẵn,369000,CRM - Sữa Bột Nestle NAN Optipro 4 (900g),(15 nhận xét),width:84%,https://salt.tikicdn.com/cache/200x200/ts/product/2f/2c/bf/a3ca4dd9dfa1e078e3869e8aa4d0e2b5.jpg,https://tiki.vn/crm-sua-bot-nestle-nan-optipro-4-900g-p545035.html?src=category-page-2549&2hi=1,https://tiki.vn/me-va-be/c2549?src=c.2549.hamburger_menu_fly_out_banner1
3658651,Enfa,Đồ Chơi - Mẹ & Bé/Dinh dưỡng cho bé/Sữa bột cho bé/Sữa cho bé dưới 24 tháng ,240000,CRM - Sữa Enfamil A + 1 360° Brain DHA+ MFGM PRO (400g),(8 nhận xét),width:90%,https://salt.tikicdn.com/cache/200x200/ts/product/69/34/fd/4714e812d48e4266870b96da24865720.jpg,https://tiki.vn/crm-sua-enfamil-a-1-360-brain-dha-mfgm-pro-400g-p3658651.html?src=category-page-2549&2hi=1,https://tiki.vn/me-va-be/c2549?src=c.2549.hamburger_menu_fly_out_banner1
849004,Huggies,"Đồ Chơi - Mẹ & Bé/Tã, Bỉm",164000,Tã Quần Huggies Dry M40 (40 Miếng) - Bao Bì Mới,(34 nhận xét),width:88%,https://salt.tikicdn.com/cache/200x200/ts/product/1d/07/59/473e5c7934f33504487eb661cf1d01be.jpg,https://tiki.vn/ta-quan-huggies-dry-m40-40-mieng-bao-bi-moi-p849004.html?src=category-page-2549&2hi=1,https://tiki.vn/me-va-be/c2549?src=c.2549.hamburger_menu_fly_out_banner1
543122,D-nee,Đồ Chơi - Mẹ & Bé/Đồ dùng cho bé/Đồ dùng vệ sinh cho bé/Giặt xả quần áo/Nước giặt,165000,Dung Dịch Giặt Quần Áo Cho Bé D-Nee - Chai 3000ml (Tím),(316 nhận xét),width:90%,https://salt.tikicdn.com/cache/200x200/ts/product/3e/5e/36/d7880a52e8f06701e7d75c82e3c3df1f.jpg,https://tiki.vn/dung-dich-giat-quan-ao-cho-be-d-nee-chai-3000ml-tim-p543122.html?src=category-page-2549&2hi=0,https://tiki.vn/me-va-be/c2549?src=c.2549.hamburger_menu_fly_out_banner1
849010,Huggies,"Đồ Chơi - Mẹ & Bé/Tã, Bỉm",164000,Tã Quần Huggies Dry XXL28 (28 Miếng) - Bao Bì Mới,(17 nhận xét),width:100%,https://salt.tikicdn.com/cache/200x200/ts/product/d8/80/a9/d32216181770a560dbf4584fc02fed1a.jpg,https://tiki.vn/ta-quan-huggies-dry-xxl28-28-mieng-bao-bi-moi-p849010.html?src=category-page-2549&2hi=1,https://tiki.vn/me-va-be/c2549?src=c.2549.hamburger_menu_fly_out_banner1
13336934,Enfa,Đồ Chơi - Mẹ & Bé/Dinh dưỡng cho bé/Sữa bột cho bé/Sữa cho bé dưới 24 tháng ,219000,CRM - Sữa Enfagrow A+ 3 Hương Vanilla (400g),(3 nhận xét),width:93%,https://salt.tikicdn.com/cache/200x200/ts/product/fd/c3/79/0c993edfc3ffc095f02532f17e6fb28b.jpg,https://tiki.vn/crm-sua-enfagrow-a-3-huong-vanilla-400g-p13336934.html?src=category-page-2549&2hi=1,https://tiki.vn/me-va-be/c2549?src=c.2549.hamburger_menu_fly_out_banner1
31863610,Velona Cuddles,"Đồ Chơi - Mẹ & Bé/Tã, Bỉm/Tã quần",5000,Tã Bỉm Velona Cuddles không dùng chất hóa học gây ung thư vô sinh (1 miếng),(8 nhận xét),width:87%,https://salt.tikicdn.com/cache/200x200/ts/product/bb/f7/bd/66f6117d18f4dde915c08a0bb9aeb55e.jpg,https://tiki.vn/ta-bim-velona-cuddles-khong-dung-chat-hoa-hoc-gay-ung-thu-vo-sinh-1-mieng-p31863610.html?src=category-page-2549&2hi=1,https://tiki.vn/me-va-be/c2549?src=c.2549.hamburger_menu_fly_out_banner1
413192,Bobby,"Đồ Chơi - Mẹ & Bé/Tã, Bỉm/Khăn giấy ướt cho bé",27000,Khăn Ướt Bobby Nắp Nhựa (100 Miếng),(106 nhận xét),width:90%,https://salt.tikicdn.com/cache/200x200/ts/product/c4/4b/51/4ebf9040c8f7a604f13c62c45d5ad475.jpg,https://tiki.vn/khan-uot-bobby-nap-nhua-100-mieng-p413192.html?src=category-page-2549&2hi=1,https://tiki.vn/me-va-be/c2549?src=c.2549.hamburger_menu_fly_out_banner1
26502509,Bobby,"Đồ Chơi - Mẹ & Bé/Tã, Bỉm/Tã quần",479000,Tã Quần Bobby Gói Mega Jumbo XL102 (102 Miếng),(92 nhận xét),width:87%,https://salt.tikicdn.com/cache/200x200/ts/product/ad/c5/9c/1c4c80ffa4f718d3524599b5b1da7e65.JPG,https://tiki.vn/ta-quan-bobby-goi-mega-jumbo-xl102-102-mieng-p26502509.html?src=category-page-2549&2hi=0,https://tiki.vn/me-va-be/c2549?src=c.2549.hamburger_menu_fly_out_banner1
500468,Bobby,"Đồ Chơi - Mẹ & Bé/Tã, Bỉm/Tã quần",779000,Combo 3 Gói Tã Quần Bobby Gói Siêu Lớn XL48 (48 Miếng),(136 nhận xét),width:90%,https://salt.tikicdn.com/cache/200x200/ts/product/6f/d3/5a/d9db496947d61cd9ee227ba81cc9e44f.jpg,https://tiki.vn/combo-3-goi-ta-quan-bobby-goi-sieu-lon-xl48-48-mieng-p500468.html?src=category-page-2549&2hi=1,https://tiki.vn/me-va-be/c2549?src=c.2549.hamburger_menu_fly_out_banner1
3770261,Huggies,"Đồ Chơi - Mẹ & Bé/Tã, Bỉm/Tã dán",157000,Tã Dán Sơ Sinh Huggies Dry Newborn S56 (56 Miếng),(157 nhận xét),width:79%,https://salt.tikicdn.com/cache/200x200/ts/product/fe/fa/01/20f5d88c5bbbcc418ab9a2a731a61e74.jpg,https://tiki.vn/ta-dan-so-sinh-huggies-dry-newborn-s56-56-mieng-p3770261.html?src=category-page-2549&2hi=0,https://tiki.vn/me-va-be/c2549?src=c.2549.hamburger_menu_fly_out_banner1
26507932,Bobby,"Đồ Chơi - Mẹ & Bé/Tã, Bỉm/Tã quần",479000,Tã Quần Bobby Gói Mega Jumbo L111 (111 Miếng),(108 nhận xét),width:89%,https://salt.tikicdn.com/cache/200x200/ts/product/c2/d0/64/79fdf6956847478c51147f1b71d6c1bc.JPG,https://tiki.vn/ta-quan-bobby-goi-mega-jumbo-l111-111-mieng-p26507932.html?src=category-page-2549&2hi=1,https://tiki.vn/me-va-be/c2549?src=c.2549.hamburger_menu_fly_out_banner1
26292675,OEM,Đồ Chơi - Mẹ & Bé/Đồ chơi/Lều thảm/Thảm nằm chơi,150000,"Thảm xốp silicone XPE nằm chơi cho Bé- chống nóng, chống trơn trượt và chống nước ( giao hình ngẫu nhiên)",(76 nhận xét),width:90%,https://salt.tikicdn.com/cache/200x200/ts/product/ee/10/aa/bcd1be853e82c10b13ecf478d61d628a.jpg,https://tiki.vn/tham-xop-silicone-xpe-nam-choi-cho-be-chong-nong-chong-tron-truot-va-chong-nuoc-giao-hinh-ngau-nhien-p26292675.html?src=category-page-2549&2hi=1,https://tiki.vn/me-va-be/c2549?src=c.2549.hamburger_menu_fly_out_banner1
13442227,Enfa,Đồ Chơi - Mẹ & Bé/Dinh dưỡng cho bé/Sữa bột cho bé/Sữa cho bé trên 24 tháng,759000,Sữa Bột Enfagrow A+ 4 (1750g),(50 nhận xét),width:78%,https://salt.tikicdn.com/cache/200x200/ts/product/26/09/64/c4bcf3bd0b8f8e78b4c8ab9ff65128ee.jpg,https://tiki.vn/sua-bot-enfagrow-a-4-1750g-p13442227.html?src=category-page-2549&2hi=1,https://tiki.vn/me-va-be/c2549?src=c.2549.hamburger_menu_fly_out_banner1
16175595,Bobby,"Đồ Chơi - Mẹ & Bé/Tã, Bỉm/Tã giấy",125000,Miếng Lót Sơ Sinh Bobby Fresh Newborn 1 - 108 (108 Miếng),(91 nhận xét),width:87%,https://salt.tikicdn.com/cache/200x200/ts/product/69/02/5c/e343629f7e9714dab31c74364555f189.jpg,https://tiki.vn/mieng-lot-so-sinh-bobby-fresh-newborn-1-108-108-mieng-p16175595.html?src=category-page-2549&2hi=0,https://tiki.vn/me-va-be/c2549?src=c.2549.hamburger_menu_fly_out_banner1
561065,NAN,Đồ Chơi - Mẹ & Bé/Dinh dưỡng cho bé/Sữa công thức pha sẵn,349000,Sữa Bột Nestlé NAN Optipro 2 (800g),(59 nhận xét),width:86%,https://salt.tikicdn.com/cache/200x200/ts/product/eb/06/13/44cd62facff26675f415814633b9d584.jpg,https://tiki.vn/sua-bot-nestle-nan-optipro-2-800g-p561065.html?src=category-page-2549&2hi=1,https://tiki.vn/me-va-be/c2549?src=c.2549.hamburger_menu_fly_out_banner1
2597933,Hando,Bách Hóa Online/Chăm sóc nhà cửa/Vệ sinh nhà tắm,11000,Bột thông cống cực mạnh 100g nội địa Hando,(29 nhận xét),width:89%,https://salt.tikicdn.com/cache/200x200/ts/product/73/43/a0/150bace8e7e59f8ba65e164b86726cea.jpg,https://tiki.vn/bot-thong-cong-cuc-manh-100g-noi-dia-hando-p2597933.html?src=category-page-2549&2hi=0,https://tiki.vn/me-va-be/c2549?src=c.2549.hamburger_menu_fly_out_banner1
31576477,NAN,Đồ Chơi - Mẹ & Bé/Dinh dưỡng cho bé/Sữa bột cho bé/Sữa cho bé dưới 24 tháng ,359000,Sữa Bột Nestlé NAN Optipro 1 (800g) - HMO,(31 nhận xét),width:82%,https://salt.tikicdn.com/cache/200x200/ts/product/8e/81/d5/7ff0188ca88de1330eba6e286d81b8e8.jpg,https://tiki.vn/sua-bot-nestle-nan-optipro-1-800g-hmo-p31576477.html?src=category-page-2549&2hi=1,https://tiki.vn/me-va-be/c2549?src=c.2549.hamburger_menu_fly_out_banner1
7968142,Ariel,Bách Hóa Online/Chăm sóc nhà cửa/Giặt giũ & Chăm sóc quần áo/Nước giặt,235000,Combo 2 Túi Nước Giặt Ariel Matic Đậm Đặc (2.4Kg/ Túi),(21 nhận xét),width:82%,https://salt.tikicdn.com/cache/200x200/ts/product/26/8d/7f/f1200b6bd6d3d9a26a0f196dc810f3bf.jpg,https://tiki.vn/combo-2-tui-nuoc-giat-ariel-matic-dam-dac-2-4kg-tui-p7968142.html?src=category-page-2549&2hi=1,https://tiki.vn/me-va-be/c2549?src=c.2549.hamburger_menu_fly_out_banner1
40719119,Huggies,"Đồ Chơi - Mẹ & Bé/Tã, Bỉm/Tã quần",315000,Tã Quần Huggies Dry Gói Cực Đại L68 (68 Miếng) + Tặng 8 Miếng Tã Quần Phiền JEAN,(4 nhận xét),width:100%,https://salt.tikicdn.com/cache/200x200/ts/product/31/60/43/e78364428f05884ef4427aec17419431.jpg,https://tiki.vn/ta-quan-huggies-dry-goi-cuc-dai-l68-68-mieng-tang-8-mieng-ta-quan-phien-jean-p40719119.html?src=category-page-2549&2hi=0,https://tiki.vn/me-va-be/c2549?src=c.2549.hamburger_menu_fly_out_banner1
28287068,Pampers,"Đồ Chơi - Mẹ & Bé/Tã, Bỉm/Tã quần",288000,Tã Quần Pampers Giữ Dáng Mới Gói Cực Đại M74 (74 Miếng),(32 nhận xét),width:81%,https://salt.tikicdn.com/cache/200x200/ts/product/26/e2/3a/7a4a20de944afa7a83430ea4ba4a33e8.jpg,https://tiki.vn/ta-quan-pampers-giu-dang-moi-goi-cuc-dai-m74-74-mieng-p28287068.html?src=category-page-2549&2hi=0,https://tiki.vn/me-va-be/c2549?src=c.2549.hamburger_menu_fly_out_banner1
848994,Huggies,"Đồ Chơi - Mẹ & Bé/Tã, Bỉm",237000,Tã Dán Huggies Dry Gói Cực Đại XL62 (62 Miếng) - Bao Bì Mới,(32 nhận xét),width:78%,https://salt.tikicdn.com/cache/200x200/ts/product/ef/4d/48/166a305a507102ffab41c4f3414d7a16.jpg,https://tiki.vn/ta-dan-huggies-dry-goi-cuc-dai-xl62-62-mieng-bao-bi-moi-p848994.html?src=category-page-2549&2hi=1,https://tiki.vn/me-va-be/c2549?src=c.2549.hamburger_menu_fly_out_banner1
28287083,Pampers,"Đồ Chơi - Mẹ & Bé/Tã, Bỉm/Tã quần",739000,Combo 3 Tã Quần Pampers Giữ Dáng Mới Gói Đại L54 (54 Miếng),(39 nhận xét),width:87%,https://salt.tikicdn.com/cache/200x200/ts/product/79/c7/8a/ce0aa7ebdc911f3a5152ece9f26bbcca.jpg,https://tiki.vn/combo-3-ta-quan-pampers-giu-dang-moi-goi-dai-l54-54-mieng-p28287083.html?src=category-page-2549&2hi=1,https://tiki.vn/me-va-be/c2549?src=c.2549.hamburger_menu_fly_out_banner1
28286429,Pampers,"Đồ Chơi - Mẹ & Bé/Tã, Bỉm/Tã quần",288000,Tã Quần Pampers Giữ Dáng Mới Gói Cực Đại XXL56 (56 Miếng),(22 nhận xét),width:90%,https://salt.tikicdn.com/cache/200x200/ts/product/a4/df/38/68976d2313783916f1559444026f642a.jpg,https://tiki.vn/ta-quan-pampers-giu-dang-moi-goi-cuc-dai-xxl56-56-mieng-p28286429.html?src=category-page-2549&2hi=0,https://tiki.vn/me-va-be/c2549?src=c.2549.hamburger_menu_fly_out_banner1
844902,Huggies,"Đồ Chơi - Mẹ & Bé/Tã, Bỉm/Miếng lót sơ sinh",63000,Miếng Lót Sơ Sinh Huggies Dry Newborn 1 - 56 (56 Miếng) - Bao Bì Mới,(23 nhận xét),width:86%,https://salt.tikicdn.com/cache/200x200/ts/product/07/50/17/4d144dd31c84312486f86990879f3de3.jpg,https://tiki.vn/mieng-lot-so-sinh-huggies-dry-newborn-1-56-56-mieng-bao-bi-moi-p844902.html?src=category-page-2549&2hi=1,https://tiki.vn/me-va-be/c2549?src=c.2549.hamburger_menu_fly_out_banner1
11978103,OEM,"Đồ Chơi - Mẹ & Bé/Đồ dùng cho bé/Đồ dùng vệ sinh cho bé/Khăn tắm, Áo choàng",62000,"Khăn Tắm Em Bé, Khăn Sợi Tre Kháng Khuẩn Siêu Mềm -Tặng Khẩu Trang (Màu ngẫu nhiên)",(97 nhận xét),width:78%,https://salt.tikicdn.com/cache/200x200/ts/product/a3/88/21/998fff1d859f9dab5fbb8cf5ed276e43.jpg,https://tiki.vn/khan-tam-em-be-khan-soi-tre-khang-khuan-sieu-mem-tang-khau-trang-mau-ngau-nhien-p11978103.html?src=category-page-2549&2hi=1,https://tiki.vn/me-va-be/c2549?src=c.2549.hamburger_menu_fly_out_banner1
3770263,Huggies,"Đồ Chơi - Mẹ & Bé/Tã, Bỉm/Tã dán",158000,Tã Dán Huggies Dry Gói Đại M48 (48 Miếng) - Bao Bì Mới,(31 nhận xét),width:69%,https://salt.tikicdn.com/cache/200x200/ts/product/82/de/d2/69c3fb6162ee2a686422bb63eeaa75a7.jpg,https://tiki.vn/ta-dan-huggies-dry-goi-dai-m48-48-mieng-bao-bi-moi-p3770263.html?src=category-page-2549&2hi=0,https://tiki.vn/me-va-be/c2549?src=c.2549.hamburger_menu_fly_out_banner1
500434,Bobby,"Đồ Chơi - Mẹ & Bé/Tã, Bỉm/Tã quần",779000,Combo 3 Gói Tã Quần Bobby Gói Siêu Lớn L54 (54 Miếng),(120 nhận xét),width:88%,https://salt.tikicdn.com/cache/200x200/ts/product/1b/e0/5a/ab1f33ee07d4698c08aca88ffdabafad.jpg,https://tiki.vn/combo-3-goi-ta-quan-bobby-goi-sieu-lon-l54-54-mieng-p500434.html?src=category-page-2549&2hi=1,https://tiki.vn/me-va-be/c2549?src=c.2549.hamburger_menu_fly_out_banner1
653874,Nutren,Đồ Chơi - Mẹ & Bé/Dinh dưỡng cho bé/Sữa công thức pha sẵn,527000,Sản Phẩm Dinh Dưỡng Nestle Nutren Junior (800g) ,(174 nhận xét),width:86%,https://salt.tikicdn.com/cache/200x200/ts/product/eb/c3/b3/533b4c8625851516e27b54d41421076d.jpg,https://tiki.vn/san-pham-dinh-duong-nestle-nutren-junior-800g-p653874.html?src=category-page-2549&2hi=1,https://tiki.vn/me-va-be/c2549?src=c.2549.hamburger_menu_fly_out_banner1
916273,Huggies,"Đồ Chơi - Mẹ & Bé/Tã, Bỉm/Tã dán",719000,Combo 3 Gói Tã Dán Huggies Dry Gói Cực Đại M76 (76 Miếng) - Bao Bì Mới,(143 nhận xét),width:88%,https://salt.tikicdn.com/cache/200x200/ts/product/b7/b0/b4/a18c56d31f2d946b57d38288c6c748cf.jpg,https://tiki.vn/combo-3-goi-ta-dan-huggies-dry-goi-cuc-dai-m76-76-mieng-bao-bi-moi-p916273.html?src=category-page-2549&2hi=1,https://tiki.vn/me-va-be/c2549?src=c.2549.hamburger_menu_fly_out_banner1
849050,Huggies,"Đồ Chơi - Mẹ & Bé/Tã, Bỉm",862000,Combo 3 Gói Tã Quần Huggies Dry Gói Cực Đại XXL56 (56 Miếng) - Bao Bì Mới,(92 nhận xét),width:90%,https://salt.tikicdn.com/cache/200x200/ts/product/98/9c/c6/1ce9c44dccbd58149c29085ec6a92a1f.jpg,https://tiki.vn/combo-3-goi-ta-quan-huggies-dry-goi-cuc-dai-xxl56-56-mieng-bao-bi-moi-p849050.html?src=category-page-2549&2hi=1,https://tiki.vn/me-va-be/c2549?src=c.2549.hamburger_menu_fly_out_banner1
544096,D-nee,Đồ Chơi - Mẹ & Bé/Đồ dùng cho bé/Đồ dùng vệ sinh cho bé/Nước rửa bình sữa,57000,Nước Rửa Bình Sữa Dạng Túi D-nee - Xanh lá (600ml),(66 nhận xét),width:90%,https://salt.tikicdn.com/cache/200x200/ts/product/4f/09/bb/16670fa3b19dd443e235570a13e97362.jpg,https://tiki.vn/nuoc-rua-binh-sua-dang-tui-d-nee-xanh-la-600ml-p544096.html?src=category-page-2549&2hi=1,https://tiki.vn/me-va-be/c2549?src=c.2549.hamburger_menu_fly_out_banner1
463059,Tide,Bách Hóa Online/Chăm sóc nhà cửa/Giặt giũ & Chăm sóc quần áo/Bột giặt,209000,Bột Giặt Tide Hương Downy (5kg),(20 nhận xét),width:93%,https://salt.tikicdn.com/cache/200x200/ts/product/80/1b/db/d496a624798fcbca359c62cbbaaca772.jpg,https://tiki.vn/bot-giat-tide-huong-downy-5kg-p463059.html?src=category-page-2549&2hi=1,https://tiki.vn/me-va-be/c2549?src=c.2549.hamburger_menu_fly_out_banner2
10398524,Enfa,Đồ Chơi - Mẹ & Bé/Dinh dưỡng cho bé/Sữa bột cho bé/Sữa cho bé trên 24 tháng,831000,Sữa Bột Enfagrow A+ 4 (2.2kg),(32 nhận xét),width:86%,https://salt.tikicdn.com/cache/200x200/ts/product/04/63/fa/5c7f6cafa47df8e74ec1d5e10f5d6d26.jpg,https://tiki.vn/sua-bot-enfagrow-a-4-2-2kg-p10398524.html?src=category-page-2549&2hi=1,https://tiki.vn/me-va-be/c2549?src=c.2549.hamburger_menu_fly_out_banner2
849024,Huggies,"Đồ Chơi - Mẹ & Bé/Tã, Bỉm",296000,Tã Quần Huggies Dry Gói Cực Đại XL62 (62 Miếng) - Bao Bì Mới,(97 nhận xét),width:88%,https://salt.tikicdn.com/cache/200x200/ts/product/6e/30/02/a5df3c7b4285f3c4210e63ea93a9f51a.jpg,https://tiki.vn/ta-quan-huggies-dry-goi-cuc-dai-xl62-62-mieng-bao-bi-moi-p849024.html?src=category-page-2549&2hi=0,https://tiki.vn/me-va-be/c2549?src=c.2549.hamburger_menu_fly_out_banner2
849020,Huggies,"Đồ Chơi - Mẹ & Bé/Tã, Bỉm",288000,Tã Quần Huggies Dry Gói Cực Đại M74 (74 MIếng) - Bao Bì Mới,(90 nhận xét),width:82%,https://salt.tikicdn.com/cache/200x200/ts/product/97/80/a1/c9a3383e3389be0d5242e0da22ac4408.jpg,https://tiki.vn/ta-quan-huggies-dry-goi-cuc-dai-m74-74-mieng-bao-bi-moi-p849020.html?src=category-page-2549&2hi=1,https://tiki.vn/me-va-be/c2549?src=c.2549.hamburger_menu_fly_out_banner2
849022,Huggies,"Đồ Chơi - Mẹ & Bé/Tã, Bỉm",296000,Tã Quần Huggies Dry Gói Cực Đại L68 (68 Miếng) - Bao Bì Mới,(130 nhận xét),width:87%,https://salt.tikicdn.com/cache/200x200/ts/product/b6/da/4d/9d4593e9578544a1102f8223e0ede1e9.jpg,https://tiki.vn/ta-quan-huggies-dry-goi-cuc-dai-l68-68-mieng-bao-bi-moi-p849022.html?src=category-page-2549&2hi=0,https://tiki.vn/me-va-be/c2549?src=c.2549.hamburger_menu_fly_out_banner2
849026,Huggies,"Đồ Chơi - Mẹ & Bé/Tã, Bỉm",296000,Tã Quần Huggies Dry Gói Cực Đại XXL56 (56 Miếng) - Bao Bì Mới,(53 nhận xét),width:90%,https://salt.tikicdn.com/cache/200x200/ts/product/66/98/57/70148404d6ab4ccea8f9ff39c3d689f5.jpg,https://tiki.vn/ta-quan-huggies-dry-goi-cuc-dai-xxl56-56-mieng-bao-bi-moi-p849026.html?src=category-page-2549&2hi=0,https://tiki.vn/me-va-be/c2549?src=c.2549.hamburger_menu_fly_out_banner2
848992,Huggies,"Đồ Chơi - Mẹ & Bé/Tã, Bỉm/Tã dán",237000,Tã Dán Huggies Dry Gói Cực Đại L68 (68 Miếng) - Bao Bì Mới,(99 nhận xét),width:85%,https://salt.tikicdn.com/cache/200x200/ts/product/f5/32/3f/70fe686b158b83af76bc466e44815064.jpg,https://tiki.vn/ta-dan-huggies-dry-goi-cuc-dai-l68-68-mieng-bao-bi-moi-p848992.html?src=category-page-2549&2hi=0,https://tiki.vn/me-va-be/c2549?src=c.2549.hamburger_menu_fly_out_banner2
916267,Huggies,"Đồ Chơi - Mẹ & Bé/Tã, Bỉm/Tã dán",246000,Tã Dán Huggies Dry Gói Cực Đại M76 (76 Miếng) - Bao Bì Mới ,(182 nhận xét),width:78%,https://salt.tikicdn.com/cache/200x200/ts/product/9a/19/c6/ec552c35c6670014351edd84c7c96ffd.jpg,https://tiki.vn/ta-dan-huggies-dry-goi-cuc-dai-m76-76-mieng-bao-bi-moi-p916267.html?src=category-page-2549&2hi=1,https://tiki.vn/me-va-be/c2549?src=c.2549.hamburger_menu_fly_out_banner2
22701475,OEM,Đồ Chơi - Mẹ & Bé/Đồ dùng cho bé/Dụng cụ chăm sóc sức khỏe/Nhiệt kế cho bé,159000,Nhiệt Kế Hồng Ngoại Đo Nhiệt Độ Cho Bé,(62 nhận xét),width:80%,https://salt.tikicdn.com/cache/200x200/ts/product/3d/b2/29/c0dd55f412ad8d0d4adbcd77ef144626.jpg,https://tiki.vn/nhiet-ke-hong-ngoai-do-nhiet-do-cho-be-p22701475.html?src=category-page-2549&2hi=1,https://tiki.vn/me-va-be/c2549?src=c.2549.hamburger_menu_fly_out_banner2
849048,Huggies,"Đồ Chơi - Mẹ & Bé/Tã, Bỉm",865000,Combo 3 Gói Tã Quần Huggies Dry Gói Cực Đại XL62 (62 Miếng) - Bao Bì Mới,(148 nhận xét),width:91%,https://salt.tikicdn.com/cache/200x200/ts/product/c5/cb/00/a9668b83a2496a09edae212c0eaa875b.jpg,https://tiki.vn/combo-3-goi-ta-quan-huggies-dry-goi-cuc-dai-xl62-62-mieng-bao-bi-moi-p849048.html?src=category-page-2549&2hi=0,https://tiki.vn/me-va-be/c2549?src=c.2549.hamburger_menu_fly_out_banner2
13120292,OEM,"Đồ Chơi - Mẹ & Bé/Đồ dùng cho bé/Đồ dùng phòng ngủ cho bé/Chăn ga gối nệm, Mùng/Gối",199000,"Gối cao su non đa năng ngăn ngừa bẹp đầu, méo đầu, nghẹo cổ, còm lưng cho trẻ sơ sinh và em bé - BABYUPP",(38 nhận xét),width:82%,https://salt.tikicdn.com/cache/200x200/ts/product/ed/c0/48/241b35ad914170a72554def990414160.png,https://tiki.vn/goi-cao-su-non-da-nang-ngan-ngua-meo-dau-bep-dau-ngheo-co-com-lung-cho-tre-so-sinh-va-em-be-babyupp-p13120292.html?src=category-page-2549&2hi=1,https://tiki.vn/me-va-be/c2549?src=c.2549.hamburger_menu_fly_out_banner2
28285934,Pampers,"Đồ Chơi - Mẹ & Bé/Tã, Bỉm/Tã quần",739000,Combo 3 Tã Quần Pampers Giữ Dáng Mới Gói Đại XL48 (48 Miếng),(22 nhận xét),width:89%,https://salt.tikicdn.com/cache/200x200/ts/product/f1/8c/2a/8962ef384155d883b4b65c9c6aea7041.jpg,https://tiki.vn/combo-3-ta-quan-pampers-giu-dang-moi-goi-dai-xl48-48-mieng-p28285934.html?src=category-page-2549&2hi=1,https://tiki.vn/me-va-be/c2549?src=c.2549.hamburger_menu_fly_out_banner2
849006,Huggies,"Đồ Chơi - Mẹ & Bé/Tã, Bỉm",164000,Tã Quần Huggies Dry L36 (36 Miếng) - Bao Bì Mới,(23 nhận xét),width:94%,https://salt.tikicdn.com/cache/200x200/ts/product/b9/ce/3c/e4f083aa318af9e3c82529c28ea59466.jpg,https://tiki.vn/ta-quan-huggies-dry-l36-36-mieng-bao-bi-moi-p849006.html?src=category-page-2549&2hi=0,https://tiki.vn/me-va-be/c2549?src=c.2549.hamburger_menu_fly_out_banner2
849008,Huggies,"Đồ Chơi - Mẹ & Bé/Tã, Bỉm",164000,Tã Quần Huggies Dry XL32 (32 Miếng) - Bao Bì Mới,(28 nhận xét),width:95%,https://salt.tikicdn.com/cache/200x200/ts/product/49/e1/06/c1373ba6f060c7aa4d825edf2c529202.jpg,https://tiki.vn/ta-quan-huggies-dry-xl32-32-mieng-bao-bi-moi-p849008.html?src=category-page-2549&2hi=1,https://tiki.vn/me-va-be/c2549?src=c.2549.hamburger_menu_fly_out_banner2
1464543,Huggies,"Đồ Chơi - Mẹ & Bé/Tã, Bỉm/Miếng lót sơ sinh",107000,Miếng Lót Sơ Sinh Huggies Dry Newborn 1-100 (100 Miếng) ,(124 nhận xét),width:87%,https://salt.tikicdn.com/cache/200x200/ts/product/3c/a5/e9/4c9d0e29a28042b34994e196aebf0ca6.jpg,https://tiki.vn/mieng-lot-so-sinh-huggies-dry-newborn-1-100-100-mieng-p1464543.html?src=category-page-2549&2hi=0,https://tiki.vn/me-va-be/c2549?src=c.2549.hamburger_menu_fly_out_banner2
849038,Huggies,"Đồ Chơi - Mẹ & Bé/Tã, Bỉm",862000,Combo 3 Gói Tã Quần Huggies Dry Gói Cực Đại L68 (68 Miếng) - Bao Bì Mới,(152 nhận xét),width:86%,https://salt.tikicdn.com/cache/200x200/ts/product/cf/5b/61/7e38d7cf5e26112db6b66451b46a5bdf.jpg,https://tiki.vn/combo-3-goi-ta-quan-huggies-dry-goi-cuc-dai-l68-68-mieng-bao-bi-moi-p849038.html?src=category-page-2549&2hi=1,https://tiki.vn/me-va-be/c2549?src=c.2549.hamburger_menu_fly_out_banner2
545035,NAN,Đồ Chơi - Mẹ & Bé/Dinh dưỡng cho bé/Sữa công thức pha sẵn,369000,CRM - Sữa Bột Nestle NAN Optipro 4 (900g),(15 nhận xét),width:84%,https://salt.tikicdn.com/cache/200x200/ts/product/2f/2c/bf/a3ca4dd9dfa1e078e3869e8aa4d0e2b5.jpg,https://tiki.vn/crm-sua-bot-nestle-nan-optipro-4-900g-p545035.html?src=category-page-2549&2hi=1,https://tiki.vn/me-va-be/c2549?src=c.2549.hamburger_menu_fly_out_banner2
3658651,Enfa,Đồ Chơi - Mẹ & Bé/Dinh dưỡng cho bé/Sữa bột cho bé/Sữa cho bé dưới 24 tháng ,240000,CRM - Sữa Enfamil A + 1 360° Brain DHA+ MFGM PRO (400g),(8 nhận xét),width:90%,https://salt.tikicdn.com/cache/200x200/ts/product/69/34/fd/4714e812d48e4266870b96da24865720.jpg,https://tiki.vn/crm-sua-enfamil-a-1-360-brain-dha-mfgm-pro-400g-p3658651.html?src=category-page-2549&2hi=1,https://tiki.vn/me-va-be/c2549?src=c.2549.hamburger_menu_fly_out_banner2
849004,Huggies,"Đồ Chơi - Mẹ & Bé/Tã, Bỉm",164000,Tã Quần Huggies Dry M40 (40 Miếng) - Bao Bì Mới,(34 nhận xét),width:88%,https://salt.tikicdn.com/cache/200x200/ts/product/1d/07/59/473e5c7934f33504487eb661cf1d01be.jpg,https://tiki.vn/ta-quan-huggies-dry-m40-40-mieng-bao-bi-moi-p849004.html?src=category-page-2549&2hi=1,https://tiki.vn/me-va-be/c2549?src=c.2549.hamburger_menu_fly_out_banner2
543122,D-nee,Đồ Chơi - Mẹ & Bé/Đồ dùng cho bé/Đồ dùng vệ sinh cho bé/Giặt xả quần áo/Nước giặt,165000,Dung Dịch Giặt Quần Áo Cho Bé D-Nee - Chai 3000ml (Tím),(316 nhận xét),width:90%,https://salt.tikicdn.com/cache/200x200/ts/product/3e/5e/36/d7880a52e8f06701e7d75c82e3c3df1f.jpg,https://tiki.vn/dung-dich-giat-quan-ao-cho-be-d-nee-chai-3000ml-tim-p543122.html?src=category-page-2549&2hi=0,https://tiki.vn/me-va-be/c2549?src=c.2549.hamburger_menu_fly_out_banner2
849010,Huggies,"Đồ Chơi - Mẹ & Bé/Tã, Bỉm",164000,Tã Quần Huggies Dry XXL28 (28 Miếng) - Bao Bì Mới,(17 nhận xét),width:100%,https://salt.tikicdn.com/cache/200x200/ts/product/d8/80/a9/d32216181770a560dbf4584fc02fed1a.jpg,https://tiki.vn/ta-quan-huggies-dry-xxl28-28-mieng-bao-bi-moi-p849010.html?src=category-page-2549&2hi=1,https://tiki.vn/me-va-be/c2549?src=c.2549.hamburger_menu_fly_out_banner2
13336934,Enfa,Đồ Chơi - Mẹ & Bé/Dinh dưỡng cho bé/Sữa bột cho bé/Sữa cho bé dưới 24 tháng ,219000,CRM - Sữa Enfagrow A+ 3 Hương Vanilla (400g),(3 nhận xét),width:93%,https://salt.tikicdn.com/cache/200x200/ts/product/fd/c3/79/0c993edfc3ffc095f02532f17e6fb28b.jpg,https://tiki.vn/crm-sua-enfagrow-a-3-huong-vanilla-400g-p13336934.html?src=category-page-2549&2hi=1,https://tiki.vn/me-va-be/c2549?src=c.2549.hamburger_menu_fly_out_banner2
31863610,Velona Cuddles,"Đồ Chơi - Mẹ & Bé/Tã, Bỉm/Tã quần",5000,Tã Bỉm Velona Cuddles không dùng chất hóa học gây ung thư vô sinh (1 miếng),(8 nhận xét),width:87%,https://salt.tikicdn.com/cache/200x200/ts/product/bb/f7/bd/66f6117d18f4dde915c08a0bb9aeb55e.jpg,https://tiki.vn/ta-bim-velona-cuddles-khong-dung-chat-hoa-hoc-gay-ung-thu-vo-sinh-1-mieng-p31863610.html?src=category-page-2549&2hi=1,https://tiki.vn/me-va-be/c2549?src=c.2549.hamburger_menu_fly_out_banner2
413192,Bobby,"Đồ Chơi - Mẹ & Bé/Tã, Bỉm/Khăn giấy ướt cho bé",27000,Khăn Ướt Bobby Nắp Nhựa (100 Miếng),(106 nhận xét),width:90%,https://salt.tikicdn.com/cache/200x200/ts/product/c4/4b/51/4ebf9040c8f7a604f13c62c45d5ad475.jpg,https://tiki.vn/khan-uot-bobby-nap-nhua-100-mieng-p413192.html?src=category-page-2549&2hi=1,https://tiki.vn/me-va-be/c2549?src=c.2549.hamburger_menu_fly_out_banner2
26502509,Bobby,"Đồ Chơi - Mẹ & Bé/Tã, Bỉm/Tã quần",479000,Tã Quần Bobby Gói Mega Jumbo XL102 (102 Miếng),(92 nhận xét),width:87%,https://salt.tikicdn.com/cache/200x200/ts/product/ad/c5/9c/1c4c80ffa4f718d3524599b5b1da7e65.JPG,https://tiki.vn/ta-quan-bobby-goi-mega-jumbo-xl102-102-mieng-p26502509.html?src=category-page-2549&2hi=0,https://tiki.vn/me-va-be/c2549?src=c.2549.hamburger_menu_fly_out_banner2
500468,Bobby,"Đồ Chơi - Mẹ & Bé/Tã, Bỉm/Tã quần",779000,Combo 3 Gói Tã Quần Bobby Gói Siêu Lớn XL48 (48 Miếng),(136 nhận xét),width:90%,https://salt.tikicdn.com/cache/200x200/ts/product/6f/d3/5a/d9db496947d61cd9ee227ba81cc9e44f.jpg,https://tiki.vn/combo-3-goi-ta-quan-bobby-goi-sieu-lon-xl48-48-mieng-p500468.html?src=category-page-2549&2hi=1,https://tiki.vn/me-va-be/c2549?src=c.2549.hamburger_menu_fly_out_banner2
3770261,Huggies,"Đồ Chơi - Mẹ & Bé/Tã, Bỉm/Tã dán",157000,Tã Dán Sơ Sinh Huggies Dry Newborn S56 (56 Miếng),(157 nhận xét),width:79%,https://salt.tikicdn.com/cache/200x200/ts/product/fe/fa/01/20f5d88c5bbbcc418ab9a2a731a61e74.jpg,https://tiki.vn/ta-dan-so-sinh-huggies-dry-newborn-s56-56-mieng-p3770261.html?src=category-page-2549&2hi=0,https://tiki.vn/me-va-be/c2549?src=c.2549.hamburger_menu_fly_out_banner2
26507932,Bobby,"Đồ Chơi - Mẹ & Bé/Tã, Bỉm/Tã quần",479000,Tã Quần Bobby Gói Mega Jumbo L111 (111 Miếng),(108 nhận xét),width:89%,https://salt.tikicdn.com/cache/200x200/ts/product/c2/d0/64/79fdf6956847478c51147f1b71d6c1bc.JPG,https://tiki.vn/ta-quan-bobby-goi-mega-jumbo-l111-111-mieng-p26507932.html?src=category-page-2549&2hi=1,https://tiki.vn/me-va-be/c2549?src=c.2549.hamburger_menu_fly_out_banner2
26292675,OEM,Đồ Chơi - Mẹ & Bé/Đồ chơi/Lều thảm/Thảm nằm chơi,150000,"Thảm xốp silicone XPE nằm chơi cho Bé- chống nóng, chống trơn trượt và chống nước ( giao hình ngẫu nhiên)",(76 nhận xét),width:90%,https://salt.tikicdn.com/cache/200x200/ts/product/ee/10/aa/bcd1be853e82c10b13ecf478d61d628a.jpg,https://tiki.vn/tham-xop-silicone-xpe-nam-choi-cho-be-chong-nong-chong-tron-truot-va-chong-nuoc-giao-hinh-ngau-nhien-p26292675.html?src=category-page-2549&2hi=1,https://tiki.vn/me-va-be/c2549?src=c.2549.hamburger_menu_fly_out_banner2
13442227,Enfa,Đồ Chơi - Mẹ & Bé/Dinh dưỡng cho bé/Sữa bột cho bé/Sữa cho bé trên 24 tháng,759000,Sữa Bột Enfagrow A+ 4 (1750g),(50 nhận xét),width:78%,https://salt.tikicdn.com/cache/200x200/ts/product/26/09/64/c4bcf3bd0b8f8e78b4c8ab9ff65128ee.jpg,https://tiki.vn/sua-bot-enfagrow-a-4-1750g-p13442227.html?src=category-page-2549&2hi=1,https://tiki.vn/me-va-be/c2549?src=c.2549.hamburger_menu_fly_out_banner2
16175595,Bobby,"Đồ Chơi - Mẹ & Bé/Tã, Bỉm/Tã giấy",125000,Miếng Lót Sơ Sinh Bobby Fresh Newborn 1 - 108 (108 Miếng),(91 nhận xét),width:87%,https://salt.tikicdn.com/cache/200x200/ts/product/69/02/5c/e343629f7e9714dab31c74364555f189.jpg,https://tiki.vn/mieng-lot-so-sinh-bobby-fresh-newborn-1-108-108-mieng-p16175595.html?src=category-page-2549&2hi=0,https://tiki.vn/me-va-be/c2549?src=c.2549.hamburger_menu_fly_out_banner2
561065,NAN,Đồ Chơi - Mẹ & Bé/Dinh dưỡng cho bé/Sữa công thức pha sẵn,349000,Sữa Bột Nestlé NAN Optipro 2 (800g),(59 nhận xét),width:86%,https://salt.tikicdn.com/cache/200x200/ts/product/eb/06/13/44cd62facff26675f415814633b9d584.jpg,https://tiki.vn/sua-bot-nestle-nan-optipro-2-800g-p561065.html?src=category-page-2549&2hi=1,https://tiki.vn/me-va-be/c2549?src=c.2549.hamburger_menu_fly_out_banner2
2597933,Hando,Bách Hóa Online/Chăm sóc nhà cửa/Vệ sinh nhà tắm,11000,Bột thông cống cực mạnh 100g nội địa Hando,(29 nhận xét),width:89%,https://salt.tikicdn.com/cache/200x200/ts/product/73/43/a0/150bace8e7e59f8ba65e164b86726cea.jpg,https://tiki.vn/bot-thong-cong-cuc-manh-100g-noi-dia-hando-p2597933.html?src=category-page-2549&2hi=0,https://tiki.vn/me-va-be/c2549?src=c.2549.hamburger_menu_fly_out_banner2
31576477,NAN,Đồ Chơi - Mẹ & Bé/Dinh dưỡng cho bé/Sữa bột cho bé/Sữa cho bé dưới 24 tháng ,359000,Sữa Bột Nestlé NAN Optipro 1 (800g) - HMO,(31 nhận xét),width:82%,https://salt.tikicdn.com/cache/200x200/ts/product/8e/81/d5/7ff0188ca88de1330eba6e286d81b8e8.jpg,https://tiki.vn/sua-bot-nestle-nan-optipro-1-800g-hmo-p31576477.html?src=category-page-2549&2hi=1,https://tiki.vn/me-va-be/c2549?src=c.2549.hamburger_menu_fly_out_banner2
7968142,Ariel,Bách Hóa Online/Chăm sóc nhà cửa/Giặt giũ & Chăm sóc quần áo/Nước giặt,235000,Combo 2 Túi Nước Giặt Ariel Matic Đậm Đặc (2.4Kg/ Túi),(21 nhận xét),width:82%,https://salt.tikicdn.com/cache/200x200/ts/product/26/8d/7f/f1200b6bd6d3d9a26a0f196dc810f3bf.jpg,https://tiki.vn/combo-2-tui-nuoc-giat-ariel-matic-dam-dac-2-4kg-tui-p7968142.html?src=category-page-2549&2hi=1,https://tiki.vn/me-va-be/c2549?src=c.2549.hamburger_menu_fly_out_banner2
40719119,Huggies,"Đồ Chơi - Mẹ & Bé/Tã, Bỉm/Tã quần",315000,Tã Quần Huggies Dry Gói Cực Đại L68 (68 Miếng) + Tặng 8 Miếng Tã Quần Phiền JEAN,(4 nhận xét),width:100%,https://salt.tikicdn.com/cache/200x200/ts/product/31/60/43/e78364428f05884ef4427aec17419431.jpg,https://tiki.vn/ta-quan-huggies-dry-goi-cuc-dai-l68-68-mieng-tang-8-mieng-ta-quan-phien-jean-p40719119.html?src=category-page-2549&2hi=0,https://tiki.vn/me-va-be/c2549?src=c.2549.hamburger_menu_fly_out_banner2
28287068,Pampers,"Đồ Chơi - Mẹ & Bé/Tã, Bỉm/Tã quần",288000,Tã Quần Pampers Giữ Dáng Mới Gói Cực Đại M74 (74 Miếng),(32 nhận xét),width:81%,https://salt.tikicdn.com/cache/200x200/ts/product/26/e2/3a/7a4a20de944afa7a83430ea4ba4a33e8.jpg,https://tiki.vn/ta-quan-pampers-giu-dang-moi-goi-cuc-dai-m74-74-mieng-p28287068.html?src=category-page-2549&2hi=0,https://tiki.vn/me-va-be/c2549?src=c.2549.hamburger_menu_fly_out_banner2
848994,Huggies,"Đồ Chơi - Mẹ & Bé/Tã, Bỉm",237000,Tã Dán Huggies Dry Gói Cực Đại XL62 (62 Miếng) - Bao Bì Mới,(32 nhận xét),width:78%,https://salt.tikicdn.com/cache/200x200/ts/product/ef/4d/48/166a305a507102ffab41c4f3414d7a16.jpg,https://tiki.vn/ta-dan-huggies-dry-goi-cuc-dai-xl62-62-mieng-bao-bi-moi-p848994.html?src=category-page-2549&2hi=1,https://tiki.vn/me-va-be/c2549?src=c.2549.hamburger_menu_fly_out_banner2
28287083,Pampers,"Đồ Chơi - Mẹ & Bé/Tã, Bỉm/Tã quần",739000,Combo 3 Tã Quần Pampers Giữ Dáng Mới Gói Đại L54 (54 Miếng),(39 nhận xét),width:87%,https://salt.tikicdn.com/cache/200x200/ts/product/79/c7/8a/ce0aa7ebdc911f3a5152ece9f26bbcca.jpg,https://tiki.vn/combo-3-ta-quan-pampers-giu-dang-moi-goi-dai-l54-54-mieng-p28287083.html?src=category-page-2549&2hi=1,https://tiki.vn/me-va-be/c2549?src=c.2549.hamburger_menu_fly_out_banner2
28286429,Pampers,"Đồ Chơi - Mẹ & Bé/Tã, Bỉm/Tã quần",288000,Tã Quần Pampers Giữ Dáng Mới Gói Cực Đại XXL56 (56 Miếng),(22 nhận xét),width:90%,https://salt.tikicdn.com/cache/200x200/ts/product/a4/df/38/68976d2313783916f1559444026f642a.jpg,https://tiki.vn/ta-quan-pampers-giu-dang-moi-goi-cuc-dai-xxl56-56-mieng-p28286429.html?src=category-page-2549&2hi=0,https://tiki.vn/me-va-be/c2549?src=c.2549.hamburger_menu_fly_out_banner2
844902,Huggies,"Đồ Chơi - Mẹ & Bé/Tã, Bỉm/Miếng lót sơ sinh",63000,Miếng Lót Sơ Sinh Huggies Dry Newborn 1 - 56 (56 Miếng) - Bao Bì Mới,(23 nhận xét),width:86%,https://salt.tikicdn.com/cache/200x200/ts/product/07/50/17/4d144dd31c84312486f86990879f3de3.jpg,https://tiki.vn/mieng-lot-so-sinh-huggies-dry-newborn-1-56-56-mieng-bao-bi-moi-p844902.html?src=category-page-2549&2hi=1,https://tiki.vn/me-va-be/c2549?src=c.2549.hamburger_menu_fly_out_banner2
11978103,OEM,"Đồ Chơi - Mẹ & Bé/Đồ dùng cho bé/Đồ dùng vệ sinh cho bé/Khăn tắm, Áo choàng",62000,"Khăn Tắm Em Bé, Khăn Sợi Tre Kháng Khuẩn Siêu Mềm -Tặng Khẩu Trang (Màu ngẫu nhiên)",(97 nhận xét),width:78%,https://salt.tikicdn.com/cache/200x200/ts/product/a3/88/21/998fff1d859f9dab5fbb8cf5ed276e43.jpg,https://tiki.vn/khan-tam-em-be-khan-soi-tre-khang-khuan-sieu-mem-tang-khau-trang-mau-ngau-nhien-p11978103.html?src=category-page-2549&2hi=1,https://tiki.vn/me-va-be/c2549?src=c.2549.hamburger_menu_fly_out_banner2
3770263,Huggies,"Đồ Chơi - Mẹ & Bé/Tã, Bỉm/Tã dán",158000,Tã Dán Huggies Dry Gói Đại M48 (48 Miếng) - Bao Bì Mới,(31 nhận xét),width:69%,https://salt.tikicdn.com/cache/200x200/ts/product/82/de/d2/69c3fb6162ee2a686422bb63eeaa75a7.jpg,https://tiki.vn/ta-dan-huggies-dry-goi-dai-m48-48-mieng-bao-bi-moi-p3770263.html?src=category-page-2549&2hi=0,https://tiki.vn/me-va-be/c2549?src=c.2549.hamburger_menu_fly_out_banner2
500434,Bobby,"Đồ Chơi - Mẹ & Bé/Tã, Bỉm/Tã quần",779000,Combo 3 Gói Tã Quần Bobby Gói Siêu Lớn L54 (54 Miếng),(120 nhận xét),width:88%,https://salt.tikicdn.com/cache/200x200/ts/product/1b/e0/5a/ab1f33ee07d4698c08aca88ffdabafad.jpg,https://tiki.vn/combo-3-goi-ta-quan-bobby-goi-sieu-lon-l54-54-mieng-p500434.html?src=category-page-2549&2hi=1,https://tiki.vn/me-va-be/c2549?src=c.2549.hamburger_menu_fly_out_banner2
653874,Nutren,Đồ Chơi - Mẹ & Bé/Dinh dưỡng cho bé/Sữa công thức pha sẵn,527000,Sản Phẩm Dinh Dưỡng Nestle Nutren Junior (800g) ,(174 nhận xét),width:86%,https://salt.tikicdn.com/cache/200x200/ts/product/eb/c3/b3/533b4c8625851516e27b54d41421076d.jpg,https://tiki.vn/san-pham-dinh-duong-nestle-nutren-junior-800g-p653874.html?src=category-page-2549&2hi=1,https://tiki.vn/me-va-be/c2549?src=c.2549.hamburger_menu_fly_out_banner2
916273,Huggies,"Đồ Chơi - Mẹ & Bé/Tã, Bỉm/Tã dán",719000,Combo 3 Gói Tã Dán Huggies Dry Gói Cực Đại M76 (76 Miếng) - Bao Bì Mới,(143 nhận xét),width:88%,https://salt.tikicdn.com/cache/200x200/ts/product/b7/b0/b4/a18c56d31f2d946b57d38288c6c748cf.jpg,https://tiki.vn/combo-3-goi-ta-dan-huggies-dry-goi-cuc-dai-m76-76-mieng-bao-bi-moi-p916273.html?src=category-page-2549&2hi=1,https://tiki.vn/me-va-be/c2549?src=c.2549.hamburger_menu_fly_out_banner2
849050,Huggies,"Đồ Chơi - Mẹ & Bé/Tã, Bỉm",862000,Combo 3 Gói Tã Quần Huggies Dry Gói Cực Đại XXL56 (56 Miếng) - Bao Bì Mới,(92 nhận xét),width:90%,https://salt.tikicdn.com/cache/200x200/ts/product/98/9c/c6/1ce9c44dccbd58149c29085ec6a92a1f.jpg,https://tiki.vn/combo-3-goi-ta-quan-huggies-dry-goi-cuc-dai-xxl56-56-mieng-bao-bi-moi-p849050.html?src=category-page-2549&2hi=1,https://tiki.vn/me-va-be/c2549?src=c.2549.hamburger_menu_fly_out_banner2
544096,D-nee,Đồ Chơi - Mẹ & Bé/Đồ dùng cho bé/Đồ dùng vệ sinh cho bé/Nước rửa bình sữa,57000,Nước Rửa Bình Sữa Dạng Túi D-nee - Xanh lá (600ml),(66 nhận xét),width:90%,https://salt.tikicdn.com/cache/200x200/ts/product/4f/09/bb/16670fa3b19dd443e235570a13e97362.jpg,https://tiki.vn/nuoc-rua-binh-sua-dang-tui-d-nee-xanh-la-600ml-p544096.html?src=category-page-2549&2hi=1,https://tiki.vn/me-va-be/c2549?src=c.2549.hamburger_menu_fly_out_banner2
